식당명,음식,주소,gyung,wedo
365붉은대게공판장,홍게찜,강원 속초시 청호동 1341-1,128.594191823732,38.1930651442522
산정집,소고기말이,강원 원주시 일산동 217-8,127.946089203418,37.3515498190558
고향집식당,비지찌개,강원 인제군 기린면 현리 196,128.329015752188,37.9456830423976
회동집,콧등치기 국수 #모듬전,강원 정선군 정선읍 봉양리 344-1,128.664797534616,37.3811107361666
평창송어의집,송어회,강원 평창군 평창읍 상리 239,128.415165407648,37.3638638084816
박현자네더덕,더덕 돼지 주물럭,강원 횡성군 횡성읍 곡교리 127-3,127.974619590681,37.4602732516408
바로방,고로케,강원도 강릉시 금학동 16-2,128.895946414571,37.7543689343231
해성횟집,삼숙이탕,강원도 강릉시 성남동 50,128.898622022053,37.7540225336995
연곡꾹저구탕,꾹저구탕,강원도 강릉시 연곡면 방내리 69-4,128.831967448556,37.8586268962764
현대장칼국수,장칼국수,강원도 강릉시 임당동 187-11,128.892662075567,37.7574805527219
장미경양식,옛날돈가스,강원도 고성군 거진읍 거진리 277-7,128.454633721362,38.4474212988011
백촌막국수,막국수,강원도 고성군 토성면 백촌리 162,128.54179659165,38.2930575424421
황가네찜,생선찜,강원도 속초시 영랑동 129,128.598015884208,38.2144842531015
이조면옥,냉면,강원도 속초시 조양동 1490-261,128.601581301894,38.1855824533344
봉포머구리집,물회,강원도 속초시 조양동 1552-6,128.588439148282,38.1903644675177
만석닭강정 중앙시장점,닭강정,강원도 속초시 중앙동 471-4,128.590178479006,38.2045420237096
일미강정식당,닭강정,강원도 영월군 영월읍 영흥리 947-56,128.46725815384,37.1831203058881
용바위식당,황태해장국,강원도 인제군 북면 용대리 71-3,128.367643174295,38.2243201715238
인제재래식손두부,두부요리,강원도 인제군 인제읍 인제로 178번길 52-10,128.172948819814,38.0639537512656
통나무닭갈비,닭갈비,강원도 춘천시 신북읍 천전리 38-26,127.793288517271,37.9330389872733
원조숯불닭불고기,닭불고기,강원도 춘천시 중앙로2가 70,127.727838611876,37.8800050572238
태백닭갈비,닭갈비,강원도 태백시 황지동 44-63,128.990669077372,37.1713921674182
메밀나라,메밀전병,강원도 평창군 평창읍 하리 55-11,128.394568060012,37.3668475819955
생곡막국수,막국수,강원도 홍천군 서석면 생곡리 694,128.224379798808,37.7004930427095
원조카우보이한방통닭,장작구이통닭,경기 고양시 덕양구 용두동 432-46,126.89503780746,37.6264172368591
포사이,쌀국수,경기 광주시 퇴촌면 도수리 89-8,127.350286036374,37.4771622371635
묘향손만두,오이지 국수 #평양 만두,경기 구리시 아천동 300-8,127.11486469782,37.5639885208826
오달통분식,라쫄 떡볶이,경기 김포시 북변동 411-9,126.710630562546,37.6246608585514
안마을돼지불백,돼지불백,경기 남양주시 진접읍 내곡리 251-3,127.162137412128,37.6897978960511
진미옥설렁탕,수육전골찜,경기 동두천시 생연동 584-20,127.053119114485,37.9090331600897
위드유,생면파스타,경기 안산시 단원구 고잔동 726-9,126.831637311876,37.3135975768587
쿠시카츠쿠마,쿠시카츠,경기 안양시 동안구 관양동 1601 ,126.962415347244,37.3940445439799
후리지아,김치볶음밥,경기 양평군 양평읍 양근리 345-9,127.489631698841,37.4900894317981
용문원조능이버섯국밥,능이버섯전골,경기 양평군 용문면 다문리 737-34,127.593696025733,37.4829862938087
영돈분식버거,주먹밥 #탕수육,경기 이천시 중리동 219-1,127.447160859281,37.2770835022538
토스트킹,토스트,경기 평택시 이충동 517-3,127.056102477104,37.0508207587555
향유갈비,포천 이동갈비,경기 포천시 이동면 성장로 1287-13,127.364439017618,38.0329059650247
산골농원,닭볶음탕,경기도 가평군 설악면 가일리 86-1,127.509990326989,37.5962778943952
원조광명할머니빈대떡,빈대떡,경기도 광명시 광명동 158-55,126.855819500955,37.4800461318664
고향김밥,국물떡볶이,경기도 구리시 수택동 404-14,127.139842622374,37.5999980494917
어우동,얼큰우동,경기도 구리시 수택동 425-19,127.142448342874,37.5978274209972
골목안채,낙지볶음,경기도 구리시 인창동 288-6,127.136890222769,37.600931963224
윤대감 참숯등갈비,등갈비,경기도 군포시 당동 769-27,126.942231571376,37.3511771473317
텍사스바베큐,치킨바베큐,경기도 동두천시 생연동 538-8,127.05751327051,37.9129164118635
호수식당,부대찌개,경기도 동두천시 생연동 615-38,127.055102813896,37.9093109999803
윌리엄스버거,햄버거,경기도 성남시 분당구 백현동 579-4,127.112179420871,37.3849961812011
진미통닭,치킨,경기도 수원시 팔달구 남수동 117-1,127.018121068826,37.2796635082958
유치회관,해장국,경기도 수원시 팔달구 인계동 1132-4,127.03210832125,37.2587969286486
안일옥,설렁탕,경기도 안성시 영동 25-1,127.272834158362,37.007577318001
에버그린,왕돈까스,경기도 안양시 동안구 관양2동 1487-28,126.973604040115,37.4026921526388
강계 봉진막국수 본점,막국수,경기도 여주시 대신면 천서리 419-2,127.548945464502,37.4032858081245
빨간세상라면학교,라면,경기도 의정부시 의정부2동 442-12,127.044503356173,37.7388527270008
용인닭발,닭발,경기도 이천시 중리천로21번길 11,127.440354795178,37.2809765185933
보배집,육개장,경기도 파주시 금촌동 947-30,126.77510466173,37.7586328159949
동해장,유니짜장,경기도 평택시 비전동 747-20,127.098417961631,36.9928386129968
세모분식,당면떡볶이,경기도 평택시 신장동 317-60,127.052244356912,37.0801836016879
김네집,부대찌개,경기도 평택시 신장동 322-38,127.052718213503,37.0809054194292
만드기골목,떡볶이,경기도 평택시 안중읍 안중리 292-7,126.930894023066,36.9889371494091
송탄붕어빵,붕어빵,경기도 평택시 지산동 753-1,127.056756164236,37.0820160167459
구군계닭집,닭볶음탕,경기도 평택시 합정동 922-11,127.100211117326,36.9887870131734
이층횟집,미더덕 덮밥,경남 창원시 마산합포구 진동면 고현리 291-2,128.479133778947,35.101344448757
통영식도락,해물 뚝배기,경남 통영시 항남동 177-1 101호,128.423667543074,34.8417141811455
대구식당,한우 짬뽕,경남 함안군 함안면 북촌리 957-16,128.422800433949,35.242045649769
삼일식육식당,소갈비찜,경남 함양군 안의면 금천리 49-69,127.812727881551,35.6289618983394
광명반점,볶음밥 난자완스,경북 대구시 북구 칠성동2가 350-20,128.596899098475,35.879113327643
신선식당,냉우동,경북 안동시 광석동 232-1,128.723135835282,36.5660233118284
성전식당,된장찌개,경북 안동시 운흥동 205-4,128.733976748297,36.5641664810673
삼육식당,닭냉국수,경북 포항시 남구 오천읍 문덕리 347-3,129.403437707741,35.9585139520544
유화초전복죽,전복죽,경북 포항시 북구 죽도동 576-2,129.369511601605,36.0348323643085
중앙식당,두루치기,경상남도 거제시 옥포2동 529-8,128.690623169375,34.8939685460001
단골집,돼지국밥,경상남도 밀양시 내일동 192-1,128.753727524388,35.4937253821917
육거리곰탕,곰탕,경상남도 진주시 강남동 119,128.086268690282,35.1857961592546
천황식당,육회비빔밥,경상남도 진주시 대안동 4-1,128.084440700717,35.1960774520355
진주통닭,빨간닭찜,경상남도 진주시 판문동 298-1,128.042328738555,35.1685350142905
언양각식당,석쇠불고기,경상남도 창원시 의창구 용호동 16-1,128.687209621858,35.2361180645254
산에산에,통명태전,경상남도 창원시 진해구 풍호동 497-5,128.703195104324,35.1365133434721
동진충무김밥,충무김밥,경상남도 통영시 항남동 1-44,128.423431318793,34.843442142682
달인충무김밥,충무김밥,경상남도 통영시 항남동 79-24,128.423167874132,34.8431197630766
교리김밥 본점,김밥,경상북도 경주시 교동 69,129.21620996587,35.8308808357313
명동쫄면,유부쫄면,경상북도 경주시 노동동 80-8,129.213227471918,35.8425725492231
남정 부일 기사식당,짬뽕불고기,경상북도 경주시 배동 948-3,129.205738403489,35.7908190693026
옛날국수,찹쌀수제비,경상북도 구미시 원평동 117-20,128.329870681142,36.1308211142157
배신식당,석쇠불고기,경상북도 김천시 감문면 태촌리119-1,128.230673864249,36.1909347772434
원조지례삼거리불고기,불고기,경상북도 김천시 지례면 교리 687,0,0
중앙찜닭,간장찜닭,경상북도 안동시 서부동 181-13,128.727970615259,36.5656185843522
명동감자탕,감자탕,경상북도 영주시 하망동 340-20,128.626206057011,36.8245295086496
단골식당,순대국밥,경상북도 예천군 용궁면 읍부리 299-2,128.277607829853,36.6070921103414
한미식당,치즈시내소,경상북도 칠곡군 왜관읍 석전리 447-6,128.413470876626,36.0036583135728
철규분식,단팥죽,경상북도 포항시 남구 구룡포읍 구룡포리 987-1,129.552154529346,35.9898145516974
신항한우돌곱창,곱창,경상북도 포항시 남구 청림동 1172-13,129.403469332385,35.9939378004681
새포항물회식당,물회,경상북도 포항시 북구 대신동 63-3,129.369566402162,36.0464303375413
평남식당,한우곰탕,경상북도 포항시 북구 죽도동 156-1,129.365793459561,36.0359768272843
서울곱창전문,양념곱창구이,광주 광산구 송정2동 820-5,126.796339435554,35.138686277944
송정떡갈비,떡갈비,광주 광산구 송정동 826-3,126.794810329787,35.1389645625755
엄마네돼지찌개,돼지찌개,광주 동구 금동 77,126.916153389833,35.1436892693884
나주식당,순대국수,광주 동구 대인동 307-38,126.918006734647,35.1542773827262
백두산,짬짜면,광주 동구 서석동 471-11,126.924836049379,35.1436144744553
온천 할머니집,보리밥,광주 동구 지산동 67-21,126.944708971083,35.1496561812554
영미오리탕,오리탕,광주 북구 유동 102-31,126.90552897482,35.1613996727705
강진식육식당,삼겹살,광주 북구 중흥동 356-15,126.910842831344,35.1702701821435
양동통닭,통닭,광주 서구 양동 5,126.904452875129,35.1527820109024
청학식당,대구탕,대구 남구 봉덕1동 599-12,128.591437621385,35.8478065377516
진흥반점,짬뽕,대구 남구 이천동 311-28,128.600519419542,35.854805201805
장여사의 나뭇잎손만두,콩나물어묵,대구 달서구 진천동 626-1 서문시장 4지구,128.521763292889,35.8127260527864
동곡 원조할매 손국수,국수,대구 달성군 하빈면 동곡리127,0,0
꼬꼬하우스,똥집튀김,대구 동구 신암동 600-19,128.619853572771,35.8828223637846
용수천농원,미나리,대구 동구 용수동 468,128.675222242526,35.972159416898
수봉반점,짬뽕,대구 북구 대현동 321-70,128.606360689558,35.878294975782
대성기사한식뷔페,한식뷔페,대구 서구 비산5동 1095-3,128.571388221165,35.8840519874403
진미식육식당,불고기,대구 서구 원대동3가 1223,0,0
미성복어,복불고기,대구 수성구 상동 12-7,128.616432552283,35.8377546236038
윤옥연 할매떡볶이,떡볶이,대구 수성구 수성동4가 1120-2,128.617022524927,35.8645263872741
중화반점,야끼우동,대구 중구 남일동 92,128.594394231803,35.8692850469622
미림식당,돈까스,대구 중구 대신동 138,128.58114668258,35.8708778572085
중앙떡볶이,떡볶이,대구 중구 동성로2가 70,0,0
뉴욕통닭,통닭,대구 중구 동성로3가 59-1,128.592363267189,35.8668543918421
왕거미구이,오드레기 #뭉티기 #육회,대구 중구 동인동4가 179,128.606718714862,35.8685004622929
태능집,우동,대구 중구 수창동 95-1,128.586972075736,35.8744010949418
개천식당,이북식만두국,대전 동구 원동 62-1,127.431728867163,36.3286189080807
금성삼계탕,삼계탕,대전 동구 중동 32-14,127.428757950905,36.3321450011501
미세노센세,카레,대전 서구 탄방동 757,127.388877140225,36.3461050988196
스마일칼국수,칼국수,대전 중구 대흥동 440-1,127.427181054229,36.3244094494132
실비식당,매운김치국밥,대전 중구 선화동 243-1,127.420978602898,36.3303492146633
고단백식당,콩국수,대전 중구 선화동 282-11,127.421107954882,36.3286813116418
한영식당,닭볶음탕,대전 중구 오류동 149-25,127.410773361685,36.3234392586234
스즈요시,홋피도오리,도쿄도 다이토구 아사쿠사 2-5-1,0,0
카렌,야끼니꾸,도쿄도 미나토구 신바시 3-21-4,0,0
타츠노야,일본 라면 #라멘,도쿄도 신주쿠 니시신주쿠 7 초메 4-5,0,0
이로하,오꼬노미야끼 몬자야끼,도쿄도 츄오구 츠키시마 3-4-5,0,0
구자상회,에키벤,도쿄도 치요다구 마루노우치 1-9-1,0,0
대길고추불고기,고추장 불고기,부산 금정구 장전동 360-5,129.083837893156,35.2291532498043
경주집,오리불고기,부산 금정구 청룡동 465-1,129.077086560553,35.2789627793872
장군멸치회촌,멸치찌개,부산 기장군 기장읍 대변리 325-4,129.230568130328,35.2246769560317
대남포장집,문어숙회,부산 남구 대연동 37-1,129.106219636667,35.1389392851901
모짜르트,경양식,부산 남구 대연동 965-2,129.092758909308,35.1277184105719
내호냉면,냉면,부산 남구 우암2동 189,0,0
범일빈대떡,해물파전,부산 동구 범일동 85-2,129.056225945942,35.1395770149363
신발원,고기만두,부산 동구 초량동 561,0,0
소문난 원조조방낙지,낙곱새,부산 동래구 명륜동 400-1,129.083908784439,35.2039933653112
소문난동래파전,파전,부산 동래구 온천1동 208-8,129.078420387372,35.2185017476091
회국수할매집,회국수,부산 부산진구 부전1동 486-1,129.057571863939,35.1582179827292
기장손칼국수,냉칼국수,부산 부산진구 부전동 256-6,129.058140350756,35.155625680893
대박터진돈까스,돈까스,부산 북구 만덕2동 848,129.03772312881,35.2085563287725
원조범일동 매떡,매운떡볶이,부산 분산진구 범천1동 844-35,0,0
복성반점,짬뽕,부산 사하구 하단동 403-1,128.967358727299,35.1029704102112
맛나기사식당,대구탕,부산 서구 동대신동1가 389,129.020438901534,35.1080674058243
매드독스피자앤파스타,시카고 피자,부산 수영구 민락동 179-3,129.119747818904,35.1547595765287
할매집,고갈비,부산 중구 광복동2가 2-106,0,0
김해식당,아귀수육,부산 중구 남포동5가 68,0,0
백화양곱창,양곱창,부산 중구 남포동6가 32,129.027008947,35.0969381112316
화국반점,탕수육,부산 중구 동광동3가 3-1,0,0
고향김치전골,김치전골,부산 중구 부평동1가 29-15,129.026542513798,35.1005618807806
간판없는김치찌개,김치찌개,부산 중구 부평동1가 29-51,129.027393669257,35.1006335271467
원조부산족발,냉채족발,부산 중구 부평동1가 35-5,129.027026366992,35.099616656156
거인통닭,치킨,부산 중구 부평동2가 11-2,129.026101312227,35.1023313268732
비빔당면,비빔당면,부산 중구 부평동2가 11-34,129.026392988273,35.1022866182131
이가네떡볶이,떡볶이,부산 중구 부평동2가 17,129.025921130993,35.1012452679744
바다집,수중전골,부산 중구 신창동2가 17-3,129.029705080318,35.1008240972862
뚱보집,쭈꾸미 구이,부산 중구 중앙동1가 21-3,129.036095428856,35.1006839215444
부광돼지국밥,돼지국밥,부산 중구 중앙동4가 37-7,129.035044805768,35.1042287634236
동궁,중식,부산 중구 중앙동4가 84,0,0
해운대원조할매국밥,소고기국밥,부산 해운대구 우1동 612-2,129.161138725549,35.1631554270473
가나기사식당,돈까스,서울 강남구 논현동 275-3,127.037730322916,37.5099022086522
엄마손만두,매콤 만둣국,서울 강동구 천호동 436-5,127.125771100307,37.5417009642794
만두명가,꽈배기,서울 강북구 수유1동 54-1,127.023110677548,37.6312371558487
공항칼국수,버섯칼국수,서울 강서구 공항동 73-7,126.807989443356,37.5614211550933
원조수구레,수구레,서울 강서구 방화동 179-14,126.817461977942,37.5728427728516
나인온스,햄버거,서울 관악구 봉천동 1626-20,126.958333967097,37.4773528176089
돈파스팔레,돈가스 파스타,서울 관악구 봉천동 1628-18,126.960587063933,37.4773257494447
전주익산집,백순대 철판볶음,서울 관악구 신림동 1640-31,126.928772800265,37.4832953558357
아차산할아버지 순두부,순두부,서울 광진구 구의동 143-2,127.094554691693,37.5544192075118
신토불이떡볶이,떡볶이,서울 광진구 구의동 52-17,127.090466449738,37.5525259907823
한라산도새기,오겹살,서울 구로구 오류2동 135-68,126.842509836123,37.4925271036127
순댕이네얼큰수제비,칼제비 국밥,서울 금천구 독산동 159-7,126.899075339961,37.4723396140278
돈까스먹는 용만이,돈까스,서울 노원구 중계4동 140-42,127.074641494564,37.6612329780762
장안정,돈가스,서울 동대문구 장안동 334-3,127.075199114854,37.5718382968272
허파식당,소허파전골,서울 동대문구 제기동 1156-14,127.034298674346,37.5801709208047
감초식당,연탄갈비,서울 동대문구 제기동 892-12,127.036262691012,37.579545494569
노량진 포차 수제비,멸치수제비,서울 동작구 노량진로 184,126.946185910688,37.5133125843081
고가네 원조숯불구이통닭,닭꼬치,서울 동작구 상도동 195-52,126.936557420171,37.5029218334323
수목식당,칼국수,서울 동작구 흑석동 54-146,126.963036010124,37.5070489688063
발리비스트로,미고랭,서울 마포구 노고산동 31-74,126.937894754377,37.5536865092753
굴다리식당,김치찌개,서울 마포구 도화동 181-45,126.950806990847,37.542107553425
마포원조떡볶이,떡볶이,서울 마포구 도화동 345-4,126.948802904396,37.540331822186
망원양꼬치,양꼬치,서울 마포구 망원동 379-2,126.909304161788,37.5555102791619
일등식당,뼈해장국,서울 마포구 망원동 476-1,126.904340952791,37.5605478907113
윤씨밀방,함박,서울 마포구 상수동 315-3,126.921650978253,37.5481123736522
뭄알로이,태국 요리,서울 마포구 상수동 93-113 2층,126.922435345209,37.5486203338554
혼가츠,매운돈까스,서울 마포구 서교동 358-49,126.922036225684,37.552634017836
마녀커리크림치킨,커리크림 치킨,서울 마포구 서교동 402-2,126.919583451929,37.5484769692953
하하,만두 #가지볶음,서울 마포구 연남동 229-12,126.925143407718,37.5632568918704
꼬메이베베,스페인 요리,서울 마포구 연남동 383-72 3층,126.926255669108,37.5613139623965
쿠이신보,야키도리,서울 마포구 합정동 413-16,126.916260982835,37.5487890181916
효동각,짜장면,서울 서대문구 대신동 50-2,126.943693045339,37.5634745150086
달인꽈배기,꽈배기,서울 서대문구 영천동 69-3,126.959910537341,37.5714096279387
신계치,라면,서울 서대문구 창천동 2-24,126.938802917063,37.5588461845974
가마마루이,일본라면,서울 서대문구 창천동 91-6,126.933322929848,37.5603684245226
서대문외할머니라면,다슬기라면,서울 서대문구 충정로2가 124,126.965930779032,37.5653157427837
피자아일랜드,피자,서울 서대문구 홍은동 202-5,126.938328720978,37.5902548794754
홍은손칼국수전문점,칼국수,서울 서대문구 홍은동 48-100,126.945972050162,37.5940054905511
소문난성수감자탕,감자탕,서울 성동구 성수동2가 315-100,127.054429511745,37.5428854313678
미정이네식당,코다리찜,서울 성동구 성수동2가 335-138,127.053895844865,37.5382837294887
돈암순대김밥,순대,서울 성북구 동소문동5가 63-3 돈암제일시장 내,127.01580216176,37.5918400918962
소담,돌냄비우동,서울 성북구 보문동5가 3-3,127.019647004237,37.5838741987091
쌍다리돼지불백,돼지불백,서울 성북구 성북동 109-2,126.995700508445,37.5934786242478
성북동 돼지갈비집,돼지불백,서울 성북구 성북동 114-2,126.996054592143,37.593278075831
참나무 닭나라,장작구이 통닭,서울 성북구 성북동 173-28,127.003221013821,37.5919385029777
골목떡볶이,국물떡볶이,서울 송파구 문정동 44,127.12348089194,37.4890443377015
감미치킨,바비큐치킨,서울 송파구 풍납동 405,127.116384155697,37.5293722921055
이조보쌈,모둠보쌈,서울 영등포구 당산동 295,0,0
영일분식,칼비빔국수,서울 영등포구 문래동4가 8-26,126.889678460315,37.5163137593442
너도나도식당,우렁된장찌개,서울 영등포구 양평동5가 57-1,126.893907734156,37.5382475611022
장원북어국,북어국,서울 영등포구 여의도동 226-36,0,0
서궁,오향장육 쇠고기군만두,서울 영등포구 여의도동 43-3 홍우빌딩 1층,126.931153749896,37.5208193273207
미스터 칠드런,즉석떡볶이,서울 영등포구 여의도동 44-14,126.931456195778,37.5193787996172
왕타이,팟타이,서울 용산구 이태원1동 176-2 ,126.990699412578,37.5345042517202
라이너스바베큐,폴드포크,서울 용산구 이태원1동 56-20,126.989675690898,37.5337963403534
마라케쉬나이트,모로코 요리,서울 용산구 이태원동 127-12,126.994213272963,37.5342646297471
매덕스피자,피자,서울 용산구 이태원동 129-9,126.993526018193,37.5333521504055
선다래,비프 오므라이스,서울 용산구 청파동2가 55-8,126.965593084474,37.5450021122953
청파 쌍대포,돼지껍데기,서울 용산구 청파동2가 95,126.970086910153,37.5455699745604
바다식당,부대찌개,서울 용산구 한남동 743-7,126.999512794544,37.5371606767529
연신네 불오징어,불오징어,서울 은평구 대조동 185-34,126.921009418923,37.6181231715425
보들이족발,족발,서울 은평구 대조동 185-44,0,0
중화원,짬뽕,서울 은평구 대조동 197-19,126.920556990266,37.6170916871638
한일식당,생선구이,서울 종로구 관수동 43-2,126.991141229033,37.5698965737949
할매집,감자탕,서울 종로구 내자동 108,126.971443960847,37.5756745065346
찬양집,바지락칼국수,서울 종로구 돈의동 27,126.990279323836,37.5727926649751
수와래,파스타,서울 종로구 삼청동 35-116,126.982003639667,37.5826746090241
원조누드김밥,누드김밥,서울 종로구 예지동 30-4 광장시장 41호,126.998015010641,37.5698216563609
삼숙이라면,파채라면,서울 종로구 인사동 220-2,126.985569312803,37.5716298995453
서린낙지,낙지볶음,서울 종로구 종로1가 24 르메이에르 종로타운 2층,126.979850194195,37.5704589394035
계림,닭볶음탕,서울 종로구 종로3가 167,126.994503560646,37.5701570757924
은성횟집,대구매운탕,서울 종로구 종로4가 165-2,127.000330985238,37.5704433594096
호남집,야채곱창,서울 종로구 종로5가 225-27,127.004801542742,37.5703323497016
원할매 소문난 닭한마리,닭한마리 칼국수,서울 종로구 종로5가 282-21,0,0
옥천매운족발,매운족발,서울 종로구 창신1동 142-27,127.011574491746,37.5731733483432
낙산냉면,매운냉면,서울 종로구 창신동 81-8,127.015264067019,37.5744879308907
남도식당,연탄삼겹살,서울 종로구 청진동 204-1,126.97945318447,37.5722204066878
라면점빵,라면,서울 종로구 필운동 202,126.970125445662,37.5765963480451
혜화 칼국수,칼국수,서울 종로구 혜화동 84-3,127.001515682217,37.5865647477894
라면 땡기는 날,짬뽕라면,서울 종로구 화동 138-21,126.982286005411,37.5792933123766
포춘레스토랑,러시아 요리,서울 중구 광희동1가 250-1 2층,127.004983068577,37.564629128843
우정,국물 닭발,서울 중구 신당동 304-791,127.014922464869,37.5627832305697
머거보까매운불갈비찜,매운갈비찜,서울 중구 신당동 368-60,127.010631136186,37.5536455108881
풍남원조골뱅이,골뱅이,서울 중구 을지로3가 350-1,126.989983128147,37.5656747755075
평안도 족발집,족발,서울 중구 장충동1가 62-16,127.006049844949,37.5602638407003
닭칼원조집,닭한마리,서울 중구 중림동 110-3,126.969114043012,37.5585661716063
중림장,도가니탕,서울 중구 중림동 468,126.967707411422,37.5602659766045
호남식당,쫄갈비,서울 중구 충무로4가 127-16,126.995652278023,37.5622241241952
복정집,오징어찌개,서울 중구 충무로4가 306,126.997667728847,37.5625353854314
용마해장국,해장국,서울 중랑구 망우동 407-28,127.101532640413,37.5944443230661
신촌칼국수,칼국수,서울특별시 마포구 노고산동 40-9,126.939436917948,37.5556607654732
복기불닭발,닭발,울산 남구 달동 703-5,129.32109784952,35.534534898009
북경통닭,마늘치킨,울산 동구 전하1동 300-264,129.431245434152,35.5178940249264
저수지휴게실,매운 수제비,울산 울주군 청량면 문죽리 1213,129.251599400338,35.5261375220658
부암갈비,생갈비,인천 남동구 간석동 130-12,126.7143064233,37.4629965340271
화순반점,간짜장,인천 동구 만석동 2-70,126.622076931473,37.4881925739645
해장국집,해장국,인천 동구 송림동 59-25,126.644945154259,37.4750941618764
물레방아,한치보쌈,인천 동구 화수2동 35-28,126.63063227847,37.4852216331139
군봉묵은지김치찜,묵은지 돼지찜,인천 연수구 옥련동 116-29,126.651442276942,37.4285392647021
명월집,김치찌개,인천 중구 중앙동3가 4-46,126.622757874941,37.4720396575819
미미원,육전 #고기전,전남 광주 동구 동명동 138-5,126.926509205884,35.1470070539295
홍어1번지,홍어,전남 나주시 영산동 254-1,126.710450230543,34.9997428211988
성식당,떡갈비,전남 목포시 영해동1가 8-3,126.386493414199,34.7856176765572
조계산보리밥 아랫집,보리밥,전남 순천시 송광면 장안리 518,127.30681718778,34.9849297613843
맛나게장,게장백반,전남 여수시 신기동 66-10,127.670634195096,34.7608757239988
원조40번,갈비찜,전남 여수시 신기동 67-1,127.671479525539,34.7611513997118
명품해물탕,전복 해물찜,전남 완도군 완도읍 가용리 1032-10,126.747409588446,34.3208750224389
청운수산식당,해초 비빔밥,전남 완도군 청산면 도청리 934-8,126.855601520442,34.1815534774028
명희네음식점,장흥 삼합,전남 장흥군 장흥읍 예양리 195,126.902599838964,34.6748755295037
과역기사님식당,삼겹살,전라남도 고흥군 과역면 과역리 60-2,127.361129640697,34.67713185251
동아식당,족탕,전라남도 구례군 구례읍 봉동리 238-3,127.468325278543,35.2090523877492
송현불고기,불고기,전라남도 나주시 대호동 311-33,126.72171098503,35.0507301654259
나주곰탕 하얀집,곰탕,전라남도 나주시 중앙동 48-17,126.717026251605,35.0322573062745
옛날진미국수,국수,전라남도 담양군 담양읍 객사리 211-5,126.983648918761,35.3241474242396
승일식당,돼지갈비,전라남도 담양군 담양읍 객사리 226-1,126.982356146966,35.3219952143576
서울분식,돈까스,전라남도 목포시 대성동 84-18,126.384072448587,34.7967489606067
솔분식,돈까스,전라남도 목포시 대성동 84-18,126.384072448587,34.7967489606067
코롬방제과,새우바게트,전라남도 목포시 무안동 1,0,0
해남해장국,해장국,전라남도 목포시 상락동1가 7,0,0
독천식당,낙지 탕탕이,전라남도 목포시 호남동 10-36,126.385600065506,34.7939647891798
송치마을,경양식돈가스,전라남도 순천시 월등면 계월리 82,127.422152212118,35.0607890147493
풍미통닭,통마늘통닭,전라남도 순천시 장천동 19-16,127.491097935071,34.9461736407181
형제정육점식당,꽃삼겹살,전라남도 순천시 황전면 괴목리 40,127.429343223267,35.102320650747
순심원,탕수육 해물철판짜장,전라남도 여수시 교동 442-2,127.734433870703,34.7397599508224
화랑식당,육회비빔밥,전라남도 함평군 함평읍 기각리 982,126.523417082899,35.0638906909922
봉순이팥죽칼국수,팥칼국수,전라남도 화순군 화순읍 삼천리 626,126.983252753429,35.0599291678408
비행장정문부대찌개,부대찌개,전라북도 군산시 나운동 839-12,126.695037866521,35.9636622724678
지린성,고추짜장,전라북도 군산시 미원동 87,126.714723418294,35.9797071452709
안젤라분식,떡볶이,전라북도 군산시 영화동 18-4,126.710889220621,35.9889640805515
홍영장,물짜장,전라북도 군산시 장미동 1-18,126.714023767513,35.9880336810532
명천슈퍼식당,제육볶음,전라북도 김제시 공덕면 제말리 289-17,126.895491840328,35.886553906505
대흥각,고추짬뽕,전라북도 김제시 요촌동 182-52,126.890430271692,35.7993317927701
경방루,탕수육,전라북도 남원시 죽항동 134-1,127.384434157672,35.4069799878248
명문제과,슈보로,전라북도 남원시 하정동 1,0,0
진고개식당,대패삼겹살,전라북도 남원시 하정동 84-1,127.381636896213,35.4069613681818
정순순대,순대국밥,전라북도 익산시 창인동1가 103-2,126.949507528683,35.941631764003
시장비빔밥,육회 비빔밥,전라북도 익산시 황등면 황등리 588-2,126.945281423697,36.0060821886195
달인명품호떡,호떡,전라북도 전주시 덕진구 인후동1가 849-10,127.165588561791,35.834524808103
한미반점,간짜장,전라북도 전주시 완산구 다가동3가 16,127.140797630138,35.8177658612701
삼번집,콩나물국밥,전라북도 전주시 완산구 전동 303-186,127.14796277546,35.8124556797203
노벨반점,물짜장,전라북도 전주시 완산구 전동3가 56-1,127.144258891435,35.8137702544312
육일식당,감자탕,전라북도 전주시 완산구 효자동1가 358-31,127.115343482297,35.8133271422671
양자강,짬뽕,전라북도 정읍시 수성동 668-1,126.857369586302,35.5666898646642
솜씨만두,만두,전라북도 정읍시 시기동 356-1,126.85590207808,35.564940773013
곰소궁횟집,젓갈백반,전북 부안군 진서면 곰소리 619,126.604740471256,35.5872669641595
금암우족탕,우족탕,전북 전주시 덕진구 금암1동 455-25,127.13570521832,35.8330752802155
삼양다방,다방,전북 전주시 완산구 경원동2가 7-9,127.148844244442,35.8182321225753
용진집막걸리,막걸리,전북 전주시 완산구 삼천동1가 623-5,127.122778741725,35.7972037643409
현대닭내장,닭내장탕,전북 전주시 완산구 서노송동 655-4,127.142736635457,35.8263540210739
우정식당,콩나물국밥,전북 전주시 완산구 전동3가 2,127.146392183939,35.8128474880916
성미당 중앙점,전주비빔밥,전북 전주시 완산구 중앙동3가 31-2,127.145375784777,35.8173488963081
보안식당,비빔쫄면,전북 정읍시 수성동 528-5,126.85023314502,35.5688834413396
물질식육식당,고기짬뽕,제주도 서귀포시 강정동 4521-8,126.480293736039,33.2353730949405
공천포식당,물회,제주도 서귀포시 남원읍 신례리 27-5,126.64262832221,33.2664028442994
어진이네 횟집,물회,제주도 서귀포시 보목동 555,126.60766478707,33.239695869514
성읍 칠십리식당,흑돼지,제주도 서귀포시 표선면 성읍리 580,126.801181519578,33.3892750006954
장수물식당,고기국수,제주도 제주시 연동 310-79,126.498625251516,33.4919187430987
태광식당,한치주물럭,제주도 제주시 용담1동 119,0,0
골막식당,고기국수,제주도 제주시 이도2동 362-1,126.538416775727,33.502473860415
대도식당,김치복국,제주특별자치도 서귀포시 서귀동 587-42,126.562422549742,33.2439979173752
구좌상회,당근케이크,제주특별자치도 제주시 구좌읍 월정리 417,126.792670140405,33.5562258023204
슬슬슬로우,돔베라면,제주특별자치도 제주시 구좌읍 행원리 1482,126.806912780434,33.5563261913932
두루두루,객주리 조림,제주특별자치도 제주시 연동 291-10,126.494475907899,33.4905100078655
성미가든,닭 샤부샤부,제주특별자치도 제주시 조천읍 교래리 525,126.676560464758,33.4376397602158
그린하우스,쭈꾸미 샤부샤부,충남 보령시 웅천읍 관당리 797-1,126.537851079173,36.2463228049077
해당화굴구이,굴구이,충남 보령시 천북면 장은리 1070,126.483712238366,36.5071505451802
진국집,게국지,충남 서산시 읍내동 1-7,126.45194692293,36.7825796162894
산수파김치장어,파김치 장어,충남 서산시 해미면 산수리 산 72-13,126.564826263348,36.702356763037
신창집,곱창찌개,충남 예산군 삽교읍 두리 568-51,126.741208406993,36.6865699950585
장군집,돼지 부속 구이,충북 청주시 서원구 개신동 316-6,127.453838653524,36.6200731439259
명성불고기,불고기,충청남도 공주시 산성동 133-4,127.125069368622,36.4581633591445
시골통닭,통닭,충청남도 부여군 부여읍 구아리 173,126.911609998958,36.2819939433284
한일식당,소머리국밥,충청남도 예산군 삽교읍 두리 568-47,126.741150298227,36.6867820842435
인정받은불낙지,산낙지찜,충청남도 천안시 동남구 원성동 600-1,127.15366945538,36.7997854595128
공주집,간장닭갈비,충청남도 천안시 서북구 성환읍 송덕리 54-3,127.118827512652,36.9236773666622
결성칼국수,굴칼국수,충청남도 홍성군 결성면 읍내리 337,126.547071837801,36.5245754190242
충청도순대,단양마늘순대전골,충청북도 단양군 단양읍 도전리 614,128.369976678374,36.9830553283375
향미식당,탕수육,충청북도 단양군 매포읍 평동리 124-8,128.303719279461,37.029843057529
덕승관,유니짜장,충청북도 영동군 황간면 소계리 310-2,127.91609239758,36.2254490244793
찐한식당,생선국수,충청북도 옥천군 청산면 교평리 257-5,127.795219148619,36.3442918084944
대추나무집,짜글이,충청북도 청주시 상당구 사천동 73-2,127.480745831284,36.6772866607297
고추만두국집,고추만두,충청북도 청주시 상당구 서문동 80-5,127.486501451847,36.6338413017576
